<?xml version="1.0" encoding="UTF-8"?>
<project-private xmlns="http://www.netbeans.org/ns/project-private/1">
    <editor-bookmarks xmlns="http://www.netbeans.org/ns/editor-bookmarks/2" lastBookmarkId="0"/>
    <open-files xmlns="http://www.netbeans.org/ns/projectui-open-files/2">
        <group>
            <file>file:/D:/xampp/htdocs/Ripley/viernesdezapatillas2015/ViernesDeZapatillas/app/controllers/HomeController.php</file>
            <file>file:/D:/xampp/htdocs/Ripley/viernesdezapatillas2015/ViernesDeZapatillas/js/main.js</file>
            <file>file:/D:/xampp/htdocs/Ripley/viernesdezapatillas2015/ViernesDeZapatillas/css/bootstrap.min.css</file>
            <file>file:/D:/xampp/htdocs/Ripley/viernesdezapatillas2015/ViernesDeZapatillas/app/views/index.blade.php</file>
            <file>file:/D:/xampp/htdocs/Ripley/viernesdezapatillas2015/ViernesDeZapatillas/css/main.css</file>
            <file>file:/D:/xampp/htdocs/Ripley/viernesdezapatillas2015/ViernesDeZapatillas/index.php</file>
            <file>file:/D:/xampp/htdocs/Ripley/viernesdezapatillas2015/ViernesDeZapatillas/app/routes.php</file>
        </group>
    </open-files>
</project-private>
